name,item_number,release_date_japan,package_size_mm,built_up_size_mm,pieces_single,pieces_box,target_age,difficulty_level,link_rakuten
ミニナノ 名探偵コナン vol.4,NBMC_53,2023/01/21,105×180×13 (mm),"32×38×28 (mm)
 （参考：コナン）",50（参考：コナン）,1BOX6個,12,NA,https://item.rakuten.co.jp/diablock/4972825225349/
ミニナノ ドラゴンボールZ vol.3,NBMC_52,2023/01/21,105×180×13 (mm),"30×38×40 (mm)
 （参考：ギニュー 悟空）",50（参考：ギニュー 悟空）,1BOX6個,12,NA,https://item.rakuten.co.jp/diablock/4972825225400/
ドラゴンボールZ セル 完全体,NBDB_016,2023/01/21,105×180×13 (mm),36×62×24 (mm),110,NA,12,2,https://item.rakuten.co.jp/diablock/4972825214244/
ドラゴンボールZ トランクス,NBDB_015,2023/01/21,105×180×13 (mm),40×56×30 (mm),110,NA,12,2,https://item.rakuten.co.jp/diablock/4972825214237/
ドラゴンボールZ 孫 悟飯 スーパーサイヤ人,NBDB_014,2023/01/21,105×180×13 (mm),36×61×36 (mm),120,NA,12,3,https://item.rakuten.co.jp/diablock/4972825214220/
ナノブロックパッド ミニ,NB-053,2023/01/21,105×180×13 (mm),80×80×2 (mm),NA,NA,12,NA,https://item.rakuten.co.jp/diablock/4972825222560/
ミニナノ きかんしゃトーマス,NBMC_51,2023/01/21,105×180×13 (mm),"24×30×32 (mm)
 （参考：トーマス）",50（参考：トーマス）,1BOX6個,12,NA,https://item.rakuten.co.jp/diablock/4972825225387/
僕のヒーローアカデミア エンデヴァー,NBCC_146,2022/11/19,105×180×30 (mm),55×80×30 (mm),190,NA,12,2,https://item.rakuten.co.jp/diablock/4972825225295/
僕のヒーローアカデミア ホークス,NBCC_147,2022/11/19,105×180×30 (mm),75×75×45 (mm),190,NA,12,2,https://item.rakuten.co.jp/diablock/4972825225288/
僕のヒーローアカデミア 轟 焦凍,NBCC_145,2022/11/19,105×180×30 (mm),45×55×70 (mm),200,NA,12,3,https://item.rakuten.co.jp/diablock/4972825225264/
僕のヒーローアカデミア 麗日 お茶子,NBCC_144,2022/11/19,105×180×30 (mm),45×75×40 (mm),220,NA,12,3,https://item.rakuten.co.jp/diablock/4972825225271/
僕のヒーローアカデミア 爆豪 勝己,NBCC_143,2022/11/19,105×180×30 (mm),65×55×45 (mm),210,NA,12,3,https://item.rakuten.co.jp/diablock/4972825225257/
僕のヒーローアカデミア 緑谷 出久,NBCC_142,2022/11/19,105×180×30 (mm),45×80×40 (mm),180,NA,12,2,https://item.rakuten.co.jp/diablock/4972825225240/
ポケットモンスター メタグロス,NBPM_098,2022/11/19,105×180×13 (mm),90×45×55 (mm),230,NA,12,2,https://item.rakuten.co.jp/diablock/4972825225554/
ポケットモンスター ミロカロス,NBPM_097,2022/11/19,105×180×13 (mm),70×60×55 (mm),200,NA,12,2,https://item.rakuten.co.jp/diablock/4972825225547/
ポケットモンスター サーナイト,NBPM_096,2022/11/19,105×180×13 (mm),45×65×50 (mm),130,NA,12,2,https://item.rakuten.co.jp/diablock/4972825225530/
"ポケットモンスター
 パルキア デラックス エディション",NBPM_095,2022/11/19,280×210×45 (mm),95×120×205 (mm),1050,NA,12,4,https://item.rakuten.co.jp/diablock/4972825225318/
"ポケットモンスター
 ディアルガ デラックス エディション",NBPM_094,2022/11/19,280×210×45 (mm),130×145×195 (mm),1020,NA,12,4,https://item.rakuten.co.jp/diablock/4972825225301/
ミニナノ ゴジラ vol.2,NBMC_49,2022/11/19,105×180×13 (mm),"30×38×40 (mm)
 (参考：ゴジラ)",50 (参考：ゴジラ),1BOX6個,12,NA,https://item.rakuten.co.jp/diablock/4972825224137/
ミニナノ ウルトラマン vol.3 (ウルトラセブン編),NBMC_48,2022/11/19,105×180×13 (mm),"28×41×64 (mm)
 (参考：ウルトラセブン)",70(参考：ウルトラセブン),1BOX6個,12,NA,https://item.rakuten.co.jp/diablock/4972825224366/
ミニナノ サンリオキャラクターズ vol.2 はぴだんぶい,NBMC_47,2022/11/19,105×180×13 (mm),"36×47×17 (mm)
 (参考：ポチャッコ)",60(参考：ポチャッコ),1BOX6個,12,NA,https://item.rakuten.co.jp/diablock/4972825225202/
ミニナノ 招福みくじ,NBMC_50,2022/11/19,105×180×13 (mm),"28×38×24 (mm)
 （参考：白招き猫）",70 (参考：白招き猫),1BOX6個,12,NA,https://item.rakuten.co.jp/diablock/4972825225226/
干支 卯,NBC_377,2022/11/19,105×180×13 (mm),30×58×40 (mm),130,NA,12,2,https://item.rakuten.co.jp/diablock/4972825224373/
パリのセーヌ河岸 デラックスエディション,NB-057,2022/11/19,420×210×70 (mm),160×350×200 (mm),2500,NA,12,4,https://item.rakuten.co.jp/diablock/4972825224427/
雪だるま,NBC_368,2022/10/22,105×180×13 (mm),64×64×40 (mm),160,NA,12,2,https://item.rakuten.co.jp/diablock/4972825223871/
クリスマスツリー,NBC_369,2022/10/22,105×180×13 (mm),42×84×42 (mm),200,NA,12,2,https://item.rakuten.co.jp/diablock/4972825223888/
ミニナノ 星のカービィ vol.2,NBMC_46,2022/08/06,105×180×13 (mm),"28×42×13 (mm)
 （参考：フレンズハート）",90（参考：フレンズハート）,1BOX6個,12,NA,https://item.rakuten.co.jp/diablock/4972825224151/
星のカービィ プププランド,NBH_230,2022/08/06,140×140×45 (mm),120×84×80 (mm),400,NA,12,3,NA
星のカービィ 30th,NBCC_140,2022/08/06,105×180×30 (mm),47×70×50 (mm),220,NA,12,2,https://item.rakuten.co.jp/diablock/4972825224854/
キン肉マン テリーマン,NBCC_130,2022/08/06,105×180×30 (mm),45×74×40 (mm),180,NA,12,2,https://item.rakuten.co.jp/diablock/4972825224274/
キン肉マン アシュラマン,NBCC_131,2022/08/06,105×180×30 (mm),73×76×45 (mm),260,NA,12,3,https://item.rakuten.co.jp/diablock/4972825224281/
ミニナノ 僕のヒーローアカデミアvol.3,NBMC_42,2022/08/06,105×180×13 (mm),"30×39×22 (mm)
 (参考：通形ミリオ)",60 (参考：通形ミリオ),1BOX6個,12,NA,https://item.rakuten.co.jp/diablock/4972825224359/
ミニナノ ポケットモンスター どくタイプ,NBMC_43,2022/08/06,105×180×13 (mm),"28×35×28 (mm)
 （参考：メノクラゲ）",50（参考：メノクラゲ）,1BOX6個,12,NA,https://item.rakuten.co.jp/diablock/4972825224175/
ポケットモンスター メガフシギバナ,NBPM_092,2022/08/06,105×180×35 (mm),71×55×60 (mm),250,NA,12,2,https://item.rakuten.co.jp/diablock/4972825224199/
ポケットモンスター メガカメックス,NBPM_093,2022/08/06,105×180×35 (mm),60×73×75 (mm),360,NA,12,3,https://item.rakuten.co.jp/diablock/4972825224182/
スヌーピーハウス,NBH_228,2022/07/23,140×140×45 (mm),120×78×80 (mm),350,NA,12,3,https://item.rakuten.co.jp/diablock/4972825224045/
ミニナノ ピーナッツ vol.3,NBMC_39,2022/07/23,105×180×13 (mm),"20×42×28 (mm)
 （参考：ジョー・クール）",60 （参考：ジョー・クール）,1BOX6個,12,NA,https://item.rakuten.co.jp/diablock/4972825224038/
東京スカイツリー®,NBH_229,2022/07/09,140×210×45(mm),80×265×80(mm),600,NA,12,5,https://item.rakuten.co.jp/diablock/4972825223895/
ダイナソーDX ギガノトサウルス,NBM-034,2022/07/09,280×210×45 (mm),320×143×80 (mm),1120,NA,12,5,https://item.rakuten.co.jp/diablock/4972825223864/
ダイナソーDX トリケラトプス,NBM-033,2022/07/09,280×210×45 (mm),260×102×72 (mm),930,NA,12,4,https://item.rakuten.co.jp/diablock/4972825223857/
水辺のパラサウロロフス,NBC_367,2022/07/09,105×180×13 (mm),80×67×85 (mm),150,NA,12,2,https://item.rakuten.co.jp/diablock/4972825223840/
ティラノサウルスの孵化,NBC_366,2022/07/09,105×180×13 (mm),90×80×85 (mm),200,NA,12,2,https://item.rakuten.co.jp/diablock/4972825223833/
プテラノドン,NBC_365,2022/07/09,105×180×13 (mm),130×67×75 (mm),130,NA,12,2,https://item.rakuten.co.jp/diablock/4972825223826/
アンキロサウルス,NBC_364,2022/07/09,105×180×13 (mm),44×57×105 (mm),210,NA,12,2,https://item.rakuten.co.jp/diablock/4972825223819/
ブラキオサウルス,NBC_363,2022/07/09,105×180×13 (mm),32×122×110 (mm),190,NA,12,2,https://item.rakuten.co.jp/diablock/4972825223802/
ヴェロキラプトル,NBC_362,2022/07/09,105×180×13 (mm),54×76×120 (mm),170,NA,12,2,https://item.rakuten.co.jp/diablock/4972825223796/
ミニナノ ミッフィー vol.2,NBMC_41,2022/07/09,105×180×13 (mm),"28×51×12 (mm)
 (参考：ミッフィー)",60(参考：ミッフィー),1BOX6個,12,NA,https://item.rakuten.co.jp/diablock/4972825224021/
ミニナノ ドラゴンボールZ vol.2,NBMC_40,2022/07/09,105×180×13 (mm),"28×54×24 (mm)
 （参考：孫悟空）",80（参考：孫悟空）,1BOX6個,12,NA,https://item.rakuten.co.jp/diablock/4972825223901/
ミニナノ I’m Doraemonドラえもん vol.2,NBMC_38,2022/07/09,105×180×13 (mm),"28×36×24 (mm)
 (参考：ドラえもん)",90 (参考：ドラえもん),1BOX6個,12,NA,https://item.rakuten.co.jp/diablock/4972825224014/
ポケットモンスター スイクン,NBPM_091,2022/04/23,105×180×35 (mm),48×74×112 (mm),220,NA,12,3,https://item.rakuten.co.jp/diablock/4972825221679/
ポケットモンスター エンテイ,NBPM_090,2022/04/23,105×180×35 (mm),68×59×100 (mm),240,NA,12,3,https://item.rakuten.co.jp/diablock/4972825221662/
ポケットモンスター ライコウ,NBPM_089,2022/04/23,105×180×35 (mm),36×53×100 (mm),250,NA,12,3,https://item.rakuten.co.jp/diablock/4972825221655/
ミニナノ リラックマ vol.2,NBMC_36,2022/4/23,105×180×13 (mm),"28×35×22 (mm)
 (参考：リラックマ)","70
 (参考：リラックマ)",1BOX6個,12,NA,https://item.rakuten.co.jp/diablock/4972825223765/
ミニナノ クレヨンしんちゃん vol.3,NBMC_35,2022/4/23,105×180×13(mm),"32×38×24(mm)
 (参考：しんちゃん)","70
 (参考：しんちゃん)",1BOX6個,12,NA,https://item.rakuten.co.jp/diablock/4972825223741/
ミニナノ SPY×FAMILY,NBMC_37,2022/04/15,105×180×13 (mm),"32×38×20 (mm)
 (参考：アーニャ)",69(参考：アーニャ),1BOX6個,12,NA,https://item.rakuten.co.jp/diablock/4972825223109/
ミニナノ 名探偵コナン vol.3,NBMC_34,2022/03/12,"105×180×13 (mm)
","32×38×28 (mm)
 (参考：コナン)",70(参考：コナン),1BOX6個,12,NA,https://item.rakuten.co.jp/diablock/4972825223123/
ミニナノ とっとこハム太郎,NBMC_33,2022/01/22,105×180×13(mm),"28×26×36(mm)
 (参考：ハム太郎)",60(参考：ハム太郎),1BOX6個,12,NA,https://item.rakuten.co.jp/diablock/4972825223055/
ポケットモンスター ポッチャマ ブリリアントシャイニングver.,NBPM_088,2022/01/22,105×180×13 (mm),52×57×48 (mm),170,NA,12,2,https://item.rakuten.co.jp/diablock/4972825223130/
ポケットモンスター ヒコザル ブリリアントシャイニングver.,NBPM_087,2022/01/22,105×180×13 (mm),48×65×48 (mm),150,NA,12,2,https://item.rakuten.co.jp/diablock/4972825223147/
ポケットモンスター ナエトル ブリリアントシャイニングver.,NBPM_086,2022/01/22,105×180×13 (mm),36×47×56 (mm),130,NA,12,2,https://item.rakuten.co.jp/diablock/4972825223154/
ポケットモンスター ガブリアス ブリリアントシャイニングver.,NBPM_085,2022/01/22,105×180×13 (mm),36×47×56 (mm),210,NA,12,3,https://item.rakuten.co.jp/diablock/4972825223192/
ポケットモンスター グレイシア ブリリアントシャイニングver.,NBPM_084,2022/01/22,105×180×13 (mm),44×50×60 (mm),160,NA,12,2,https://item.rakuten.co.jp/diablock/4972825223161/
ポケットモンスター リーフィア ブリリアントシャイニングver.,NBPM_083,2022/01/22,105×180×13 (mm),44×50×60 (mm),140,NA,12,2,https://item.rakuten.co.jp/diablock/4972825223178/
ポケットモンスター ルカリオ ブリリアントシャイニングver.,NBPM_082,2022/01/22,105×180×13 (mm),56×73×64 (mm),160,NA,12,3,https://item.rakuten.co.jp/diablock/4972825223185/
ミニナノ ドラゴンボールZ,NBMC_24,2022/01/22,105×180×13 (mm),"31×51×20 (mm)
 (参考：孫悟空)",70(参考：孫悟空),1BOX6個,12,NA,https://item.rakuten.co.jp/diablock/4972825221921/
ドラゴンボールZ フリーザ,NBDB_009,2022/01/22,105×180×13 (mm),32×60×28 (mm),110,NA,12,3,https://item.rakuten.co.jp/diablock/4972825213483/
ドラゴンボールZ 孫悟空 スーパーサイヤ人,NBDB_007,2022/01/22,105×180×13 (mm),35×72×30 (mm),130,NA,12,3,https://item.rakuten.co.jp/diablock/4972825213469/
ドラゴンボールZ ベジータ,NBDB_004,2022/01/22,105×180×13 (mm),36×58×24 (mm),130,NA,12,3,https://item.rakuten.co.jp/diablock/4972825212028/
ドラゴンボールZ ピッコロ,NBDB_003,2022/01/22,105×180×13 (mm),36×58×24 (mm),100,NA,12,3,https://item.rakuten.co.jp/diablock/4972825212004/
ドラゴンボールZ 孫悟飯,NBDB_002,2022/01/22,105×180×13 (mm),32×60×32 (mm),110,NA,12,2,https://item.rakuten.co.jp/diablock/4972825211991/
ドラゴンボールZ 孫悟空,NBDB_001,2022/01/22,105×180×13 (mm),44×76×28 (mm),110,NA,12,3,https://item.rakuten.co.jp/diablock/4972825211984/
ウォーズマン,NBCC_123,2021/11/27,105×180×30(mm),48×72×38(mm),200,NA,12,3,https://item.rakuten.co.jp/diablock/4972825223086/
ロビンマスク,NBCC_122,2021/11/27,105×180×30(mm),40×74×42(mm),190,NA,12,3,https://item.rakuten.co.jp/diablock/4972825223079/
干支 寅,NBC_361,2021/11/27,105×180×13 (mm),43×58×84 (mm),230,NA,12,2,https://item.rakuten.co.jp/diablock/4972825221716/
盆栽 桜,NBH_225,2021/11/27,140×140×45 (mm),80×140×40 (mm),270,NA,12,2,https://item.rakuten.co.jp/diablock/4972825221730/
盆栽 松,NBH_224,2021/11/27,140×140×45 (mm),110×113×44 (mm),280,NA,12,2,https://item.rakuten.co.jp/diablock/4972825221723/
干支 十二支セット,NB-055,2021/11/27,420×210×70 (mm),"43×58×84 (mm)
 （参考：寅）",2020,NA,12,3,NA
リザードン DX,NBPM_080,2021/11/27,280×210×45 (mm),190×140×190 (mm),860,NA,12,4,https://item.rakuten.co.jp/diablock/4972825223062/
ミニナノ　キン肉マン vol.2,NBMC_32,2021/11/27,105×180×13 (mm),"32×44×20 (mm)
 (参考：ウォーズマン)",80 (参考：ウォーズマン),1BOX6個,12,NA,https://item.rakuten.co.jp/diablock/4972825223031/
ミニナノ　ポケットモンスター ひこうタイプ,NBMC_31,2021/11/27,105×180×13 (mm),"20×29×32 (mm)
 (参考：ポッポ)",40 (参考：ポッポ),1BOX6個,12,NA,https://item.rakuten.co.jp/diablock/4972825222997/
ミニナノ　ちびまる子ちゃん vol.2,NBMC_30,2021/11/27,105×180×13 (mm),"30×50×20 (mm)
 (参考：まる子)",80 (参考：まる子),1BOX6個,12,NA,https://item.rakuten.co.jp/diablock/4972825223017/
クリスマスリース,NBH_220,2021/10/16,140×210×45(mm),140×135×45(mm),580,NA,12,3,https://item.rakuten.co.jp/diablock/4972825221594/
厳島神社大鳥居,NBH_222,2021/9/25,140×140×45 (mm),80×65×160 (mm),470,NA,12,3,https://item.rakuten.co.jp/diablock/4972825221624/
ドラゴン,NBM-032,2021/9/25,280×210×45 (mm),170×120×170 (mm),960,NA,12,4,https://item.rakuten.co.jp/diablock/4972825221648/
東京駅丸の内駅舎 デラックスエディション,NB-054,2021/9/25,420×210×70 (mm),480×110×120 (mm),3140,NA,12,5,https://item.rakuten.co.jp/diablock/4972825221440/
バッファローマン,NBCC_118,2021/9/25,105×180×30 (mm),56×74×42 (mm),230,NA,12,3,https://item.rakuten.co.jp/diablock/4972825222034/
キン肉マン,NBCC_117,2021/9/25,105×180×30 (mm),63×74×42 (mm),200,NA,12,3,https://item.rakuten.co.jp/diablock/4972825222027/
ポケットモンスター ポッチャマ,NBPM_079,2021/9/25,105×180×13 (mm),52×57×48 (mm),170,NA,12,2,https://item.rakuten.co.jp/diablock/4972825222683/
ポケットモンスター ヒコザル,NBPM_078,2021/9/25,105×180×13 (mm),48×65×48 (mm),150,NA,12,2,https://item.rakuten.co.jp/diablock/4972825222676/
ポケットモンスター ナエトル,NBPM_077,2021/9/25,105×180×13 (mm),36×47×56 (mm),130,NA,12,2,https://item.rakuten.co.jp/diablock/4972825222669/
ミニナノ　星のカービィ,NBMC_29,2021/9/25,105×180×13 (mm),"36×30×20 (mm)
 (参考：カービィ)",80 (参考：カービィ),1BOX6個,12,NA,https://item.rakuten.co.jp/diablock/4972825222706/
アワードセレクション 和服女子,NBC_358,2021/9/1,105×180×20 (mm),52×80×20 (mm),90,NA,12,2,https://item.rakuten.co.jp/diablock/4972825222874/
Honda スーパーカブ 50 (グリーン),NBC_357,2021/9/1,105×180×13 (mm),43×58×84 (mm),200,NA,12,2,https://item.rakuten.co.jp/diablock/4972825222812/
Honda スーパーカブ 50 (ブルー),NBC_356,2021/9/1,105×180×13 (mm),43×58×84 (mm),200,NA,12,2,https://item.rakuten.co.jp/diablock/4972825222805/
ザトウクジラ,NBC_354,2021/8/7,105×180×13 (mm),70×50×130 (mm),190,NA,12,2,https://item.rakuten.co.jp/diablock/4972825221563/
タツノオトシゴ,NBC_353,2021/8/7,105×180×13 (mm),30×100×40 (mm),130,NA,12,2,https://item.rakuten.co.jp/diablock/4972825221587/
カジキ,NBC_352,2021/8/7,105×180×13 (mm),61×140×70 (mm),170,NA,12,2,https://item.rakuten.co.jp/diablock/4972825221570/
シャチ,NBC_333,2021/8/7,105×180×13 (mm),50×50×107 (mm),140,NA,12,2,https://item.rakuten.co.jp/diablock/4972825219973/
ホホジロザメ,NBC_332,2021/8/7,105×180×13 (mm),48×60×120 (mm),190,NA,12,2,https://item.rakuten.co.jp/diablock/4972825219980/
ミニナノ ピーナッツ vol.2,NBMC_26,2021/8/7,105×180×13 (mm),"32×41×20 (mm)
 （参考：オラフ）",69 （参考：オラフ）,NA,12,NA,https://item.rakuten.co.jp/diablock/4972825221945/
ミニナノ ポケットモンスター ドラゴンタイプ,NBMC_25,2021/8/7,105×180×13 (mm),"25×40×40 (mm)
 （参考：ミニリュウ）",65 （参考：ミニリュウ）,NA,12,NA,https://item.rakuten.co.jp/diablock/4972825221952/
ミニナノ PUI PUI モルカー,NBMC_28,2021/7/23,105×180×13 (mm),"30×23×32 (mm)
 (参考：ポテト)",60 (参考：ポテト),1BOX6個,12,NA,https://item.rakuten.co.jp/diablock/4972825222898/
ミニナノ ミッフィー,NBMC_27,2021/7/11,105×180×13 (mm),"28×50×12 (mm)
 (参考：ミッフィー）",(参考：ミッフィー）,NA,12,NA,https://item.rakuten.co.jp/diablock/4972825221938/
モササウルス,NBC_349,2021/7/3,105×180×13 (mm),60×45×150 (mm),180,NA,12,2,https://item.rakuten.co.jp/diablock/4972825221501/
ドラムセット グリーン,NBC_348,2021/7/3,105×180×13 (mm),100×50×60 (mm),190,NA,12,2,https://item.rakuten.co.jp/diablock/4972825221402/
エレキギター イエロー,NBC_347,2021/7/3,105×180×13 (mm),40×130×25 (mm),160,NA,12,1,https://item.rakuten.co.jp/diablock/4972825221396/
エレキギター パステルブルー,NBC_346,2021/7/3,105×180×13 (mm),40×130×25 (mm),150,NA,12,1,https://item.rakuten.co.jp/diablock/4972825221389/
ハシビロコウ,NBC_345,2021/7/3,105×180×13 (mm),30×80×52 (mm),170,NA,12,2,https://item.rakuten.co.jp/diablock/4972825221372/
キバタン,NBC_344,2021/7/3,105×180×13 (mm),30×75×88 (mm),140,NA,12,2,https://item.rakuten.co.jp/diablock/4972825221365/
ルリコンゴウインコ,NBC_343,2021/7/3,105×180×13 (mm),135×50×97 (mm),140,NA,12,2,https://item.rakuten.co.jp/diablock/4972825221358/
モーターサイクル,NBH_219,2021/7/3,140×210×45 (mm),60×75×140 (mm),570,NA,12,4,https://item.rakuten.co.jp/diablock/4972825221426/
スペースセンター,NBH_218,2021/7/3,140×140×45 (mm),80×150×80 (mm),510,NA,12,3,https://item.rakuten.co.jp/diablock/4972825221433/
ダイナソーDX ティラノサウルス レックス,NBM-031,2021/7/3,280×210×45 (mm),95×110×270 (mm),850,NA,12,4,https://item.rakuten.co.jp/diablock/4972825221419/
姫路城 デラックスエディション,NB-051,2021/7/3,420×210×70 (mm),204×165× 200 (mm),2750,NA,12,5,https://item.rakuten.co.jp/diablock/4972825222126/
PAC-MAN アーケード筐体,NBCC_107,2021/7/3,105×180×20 (mm),32×62×36 (mm),160,NA,12,2,https://item.rakuten.co.jp/diablock/4972825222096/
PAC-MAN ブリンキー&インキー,NBCC_106,2021/7/3,105×180×20 (mm),36×35×20 (mm),180,NA,12,2,https://item.rakuten.co.jp/diablock/4972825222089/
PAC-MAN パックマン＆チェリー,NBCC_105,2021/7/3,105×180×20 (mm),32×38×32 (mm),150,NA,12,1,https://item.rakuten.co.jp/diablock/4972825222072/
キャラナノ マジンガーZ,CN-36,2021/7/3,105×140×70 (mm),64×90×45 (mm),370,NA,12,3,https://item.rakuten.co.jp/diablock/4972825221211/
ミニナノ 僕のヒーローアカデミア vol.2,NBMC_23,2021/7/3,105×180×13 (mm),"30×35×25 (mm)
 （参考：緑谷 出久）",60 （参考：緑谷 出久）,NA,12,NA,https://item.rakuten.co.jp/diablock/4972825221907/
ミニナノ ウルトラマン vol.2,NBMC_22,2021/7/3,105×180×13 (mm),"25×48×42 (mm)

 (参考：ウルトラマン）",70 (参考：ウルトラマン）,NA,12,NA,https://item.rakuten.co.jp/diablock/4972825221914/
トランペット,NBC_338,2021/4/17,105×180×13 (mm),24×39×78 (mm),110,NA,12,2,https://item.rakuten.co.jp/diablock/4972825220399/
ヴァイオリン,NBC_337,2021/4/17,105×180×13 (mm),40×101×16 (mm),190,NA,12,1,https://item.rakuten.co.jp/diablock/4972825220382/
グランドピアノ,NBC_336,2021/4/17,105×180×13 (mm),42×43 52 (mm),190,NA,12,2,https://item.rakuten.co.jp/diablock/4972825220375/
ストーリーズコレクション ウェディング,NBH_212,2021/4/17,140×140×45 (mm),80×140×80 (mm),300,NA,12,2,https://item.rakuten.co.jp/diablock/4972825220450/
サグラダファミリア,NBH_211,2021/4/17,140×140×45 (mm),80×96×80 (mm),740,NA,12,3,https://item.rakuten.co.jp/diablock/4972825220443/
ポケットモンスター ダクマ,NBPM_076,2021/4/17,105×180×20 (mm),34×58×64 (mm),160,NA,12,2,https://item.rakuten.co.jp/diablock/4972825220467/
ポケットモンスター ガブリアス,NBPM_075,2021/4/17,105×180×13 (mm),52×62×60 (mm),210,NA,12,2,https://item.rakuten.co.jp/diablock/4972825220474/
ミニナノ ポケットモンスター くさタイプ,NBMC_21,2021/4/17,105×180×13 (mm),"34×58×64 (mm)
 （参考：フシギダネ）",65 （参考：フシギダネ）,NA,12,NA,https://item.rakuten.co.jp/diablock/4972825220320/
ミニナノ クレヨンしんちゃん vol.2,NBMC_20,2021/4/17,105×180×13 (mm),"32×40×23 (mm)
 （参考：しんちゃん 園服ver）","70
 (参考：しんちゃん 園服ver）",NA,12,NA,https://item.rakuten.co.jp/diablock/4972825220368/
ポケットモンスター ニンフィア,NBPM_073,2021/1/23,105×180×13 (mm),52×62×60 (mm),170,NA,12,3,https://item.rakuten.co.jp/diablock/4972825220078/
ポケットモンスター グレイシア,NBPM_072,2021/1/23,105×180×13 (mm),44×50×60 (mm),160,NA,12,2,https://item.rakuten.co.jp/diablock/4972825220054/
ポケットモンスター リーフィア,NBPM_071,2021/1/23,105×180×13 (mm),44×50×60 (mm),140,NA,12,2,https://item.rakuten.co.jp/diablock/4972825220061/
江戸川 コナン（スケボーver.),CN-32,2021/1/23,105×140×70 (mm),64×118×60 (mm),320,NA,12,4,https://item.rakuten.co.jp/diablock/4972825220139/
ミニナノ 名探偵コナン02,NBMC_18,2021/1/23,105×180×13 (mm),"42×46×28 (mm)
 （参考：コナン）",80 （参考：コナン）,NA,12,NA,https://item.rakuten.co.jp/diablock/4972825219942/
ミニナノ リラックマ,NBMC_17,2021/1/23予,105×180×13 (mm),"20×50×28 (mm)
 （参考：リラックマ）",60 （参考：リラックマ）,NA,12,NA,https://item.rakuten.co.jp/diablock/4972825219966/
ミニナノ ポケットモンスター みずタイプ,NBMC_16,2021/1/23予,105×180×13 (mm),"20×38×40 (mm)
 （参考：コイキング）","70
 （参考：コイキング）",NA,12,NA,https://item.rakuten.co.jp/diablock/4972825219928/
ミニナノ エヴァンゲリオン vol2,NBMC_19,2021/1/1,105×180×13 (mm),"35×55×27 (mm)
 （参考：初号機）",75 （参考：初号機）,NA,12,NA,https://item.rakuten.co.jp/diablock/4972825220344/
海賊船 デラックスエディション,NB-050,2020/12/5,420×210×70 (mm),320× 235×110 (mm),3280,NA,12,5,https://item.rakuten.co.jp/diablock/4972825220047/
名古屋城,NBH_207,2020/11/21,140×140×45 (mm),80×95×80 (mm),550,NA,12,3,https://item.rakuten.co.jp/diablock/4972825219409/
ノートルダム大聖堂,NBH_205,2020/11/21,140×210×45 (mm),80×92×160 (mm),1040,NA,12,4,https://item.rakuten.co.jp/diablock/4972825219416/
ポケットモンスター レックウザ エクストリームDX,NBPM_074,2020/11/21,410×270×70 (mm),220×210×200 (mm),1790,NA,12,5,https://item.rakuten.co.jp/diablock/4972825220481/
ポケットモンスター ゲッコウガ,NBPM_070,2020/11/21,105×180×13 (mm),80×58×48 (mm),180,NA,12,3,https://item.rakuten.co.jp/diablock/4972825219430/
ポケットモンスター ワンパチ,NBPM_069,2020/11/21,105×180×30 (mm),34×58×64 (mm),190,NA,12,2,https://item.rakuten.co.jp/diablock/4972825219423/
ミニナノ 縁起物 2021,NBMC_15,2020/11/21,105×180×13 (mm),"48×38×17 (mm)
 (参考：鳥居）",50 (参考：鳥居）,NA,12,NA,https://item.rakuten.co.jp/diablock/4972825219294/
ミニナノ ポケットモンスター ノーマルタイプ,NBMC_14,2020/11/21,105×180×13 (mm),"28×33×44 (mm)
 (参考:イーブイ)",60 (参考:イーブイ),NA,12,NA,https://item.rakuten.co.jp/diablock/4972825219331/
ミニナノ キン肉マン,NBMC_13,2020/11/21,105×180×13 (mm),"20×50×28 (mm)
 (参考: キン肉マン)",70 (参考: キン肉マン),NA,12,NA,https://item.rakuten.co.jp/diablock/4972825219317/
ジャイアントパンダ,NBC_328,2020/9/12,105×180×13 (mm),48×56×52 (mm),220,NA,12,2,https://item.rakuten.co.jp/diablock/4972825219126/
キリン,NBC_327,2020/9/12,105×180×13 (mm),24×116×100 (mm),220,NA,12,2,https://item.rakuten.co.jp/diablock/4972825219102/
ライオン,NBC_326,2020/9/12,105×180×13 (mm),32×53×92 (mm),200,NA,12,2,https://item.rakuten.co.jp/diablock/4972825219119/
首里城,NBM-030,2020/9/12,280×210×45 (mm),160×74×120 (mm),840,NA,12,3,https://item.rakuten.co.jp/diablock/4972825219140/
ポケットモンスター ルカリオ,NBPM_068,2020/9/12,105×180×13 (mm),56×73×64 (mm),160,NA,12,3,https://item.rakuten.co.jp/diablock/4972825219188/
ポケットモンスター ポニータ(ガラルのすがた),NBPM_067,2020/9/12,105×180×30 (mm),36×65×72 (mm),200,NA,12,3,https://item.rakuten.co.jp/diablock/4972825219171/
キャラナノ 怪盗キッド,CN-29,2020/9/12,105×140×70 (mm),56×89×64 (mm),280,NA,12,3,https://item.rakuten.co.jp/diablock/4972825219164/
ミニナノ ポケットモンスター ほのおタイプ,NBMC_11,2020/9/12,105×180×13 (mm),"16×33×40 (mm)
 (参考：ヒトカゲ)",47 (参考：ヒトカゲ),NA,12,NA,https://item.rakuten.co.jp/diablock/4972825219096/
ミニナノ ゴジラ,NBMC_12,2020/9/1,105×180×13 (mm),"30×51×53 (mm)
 (参考：ゴジラ 第4形態)",71 (参考：ゴジラ 第4形態),NA,12,NA,https://item.rakuten.co.jp/diablock/4972825219072/
ミニナノ ちびまる子ちゃん,NBMC_10,2020/8/1,105×180×13 (mm),"28×45×20 (mm)
 (参考: まる子)","80
 (参考: まる子)",NA,12,NA,https://item.rakuten.co.jp/diablock/4972825218532/
ミニナノ 僕のヒーローアカデミア,NBMC_09,2020/8/1,105×180×13 (mm),"32×38×24 (mm)
 (参考: 緑谷出久)",60 (参考: 緑谷出久),NA,12,NA,https://item.rakuten.co.jp/diablock/4972825218556/
スピノサウルス,NBC_322,2020/8/1,105×180×13 (mm),28×53×152(mm),180,NA,12,2,https://item.rakuten.co.jp/diablock/4972825218587/
トリケラトプス,NBC_321,2020/8/1,105×180×13 (mm),32×42×104(mm),160,NA,12,2,https://item.rakuten.co.jp/diablock/4972825218570/
ティラノサウルス,NBC_320,2020/8/1,105×180×13 (mm),44×71×140(mm),170,NA,12,2,https://item.rakuten.co.jp/diablock/4972825218563/
熊本城,NBH_202,2020/8/1,140×140×45 (mm),81×86×80(mm),500,NA,12,3,https://item.rakuten.co.jp/diablock/4972825218600/
ポケットモンスター カモネギ(ガラルのすがた),NBPM_066,2020/8/1,105×180×30 (mm),44×59×80 (mm),190,NA,12,2,https://item.rakuten.co.jp/diablock/4972825218624/
ポケットモンスター ヤドン,NBPM_065,2020/8/1,105×180×30 (mm),40×26×96 (mm),140,NA,12,2,https://item.rakuten.co.jp/diablock/4972825218631/
明智光秀どーもくん,CN-26,2020/8/1,105×140×70 (mm),56×85×55 (mm),320,NA,12,3,https://item.rakuten.co.jp/diablock/4972825218709/
ミニナノ ピーナッツ,NBMC_07,2020/7/18,105×180×13 (mm),"20×42×28 (mm)

 (参考:スヌーピー)","57
 (参考:スヌーピー)",1BOX6個,12,NA,https://item.rakuten.co.jp/diablock/4972825216484/
ミニナノ ポケットモンスター でんきタイプ,NBMC_08,2020/6/1,105×180×13 (mm),"28×36×32 (mm)
 (参考：ピカチュウ)",54 (参考：ピカチュウ),NA,12,NA,https://item.rakuten.co.jp/diablock/4972825218211/
大阪城 デラックスエディション,NB-049,2020/6/1,420×210×70 (mm),200×190×160 (mm),2430,NA,12,5,https://item.rakuten.co.jp/diablock/4972825217023/
キャラナノ ウルトラマンベリアル,CN-28,2020/6/1,105×140×70 (mm),44×88×54 (mm),280,NA,12,3,https://item.rakuten.co.jp/diablock/4972825217054/
キャラナノ ウルトラセブン,CN-27,2020/6/1,105×140×70 (mm),44×88×54 (mm),240,NA,12,3,https://item.rakuten.co.jp/diablock/4972825217047/
ミニナノ クレヨンしんちゃん,NBMC_06,2020/4/1,105×180×13 (mm),"41× 32×24 (mm)

 (参考：しんちゃん）",70 (参考：しんちゃん）,NA,12,NA,https://item.rakuten.co.jp/diablock/4972825216828/
プレーリードッグ,NBC_309,2020/4/1,105×180×13 (mm),22×50×40 (mm) (1体),160,NA,12,2,https://item.rakuten.co.jp/diablock/4972825216712/
サイ,NBC_308,2020/4/1,105×180×13 (mm),33×42×92 (mm),190,NA,12,3,https://item.rakuten.co.jp/diablock/4972825216699/
チーター,NBC_307,2020/4/1,105×180×13 (mm),28×50×80 (mm) (親),200,NA,12,2,https://item.rakuten.co.jp/diablock/4972825216682/
ピサの斜塔,NBH_199,2020/4/1,140×210×45 (mm),85×168×80 (mm),990,NA,12,3,https://item.rakuten.co.jp/diablock/4972825216743/
ポケットモンスター レックウザ,NBPM_064,2020/4/1,105×180×35 (mm),72×80×84 (mm),240,NA,12,3,https://item.rakuten.co.jp/diablock/4972825216774/
ポケットモンスター カイオーガ,NBPM_063,2020/4/1,105×180×35 (mm),104×41×92 (mm),260,NA,12,3,https://item.rakuten.co.jp/diablock/4972825216781/
ポケットモンスター グラードン,NBPM_062,2020/4/1,105×180×35 (mm),48×56×104 (mm),290,NA,12,3,https://item.rakuten.co.jp/diablock/4972825216798/
キャラナノ コリラックマ,CN-24,2020/4/1,105×140×70 (mm),52×74×40 (mm),260,NA,12,2,https://item.rakuten.co.jp/diablock/4972825216880/
キャラナノ リラックマ,CN-23,2020/4/1,105×140×70 (mm),52×77×40 (mm),270,NA,12,2,https://item.rakuten.co.jp/diablock/4972825216873/
キャラナノ エヴァンゲリオン 2号機,CN-22,2020/4/1,105×140×70 (mm),70×108×48 (mm),300,NA,12,3,https://item.rakuten.co.jp/diablock/4972825216866/
ナノブロック®専用接着剤　使い切りミニタイプ　2本入り,NB-044,2020/01/25,70×180×15 (mm),80×15 24 (mm),NA,NA,12,NA,https://item.rakuten.co.jp/diablock/4972825214558/
鯉のぼり,NBH_209,2020/01/23,140×140×45 (mm),80×140×40 (mm),390,NA,12,3,NA
雛人形,NBH_208,2020/01/23,140×140×45 (mm),80×65×80 (mm),440,NA,12,2,NA
ミニナノ　名探偵コナン,NBMC_03,2020/1/18,105×180×13 (mm),"36×38×28 (mm)
 （参考：コナン）",80 （参考：コナン）,1BOX6個,12,NA,https://item.rakuten.co.jp/diablock/4972825216460/
ノイシュバンシュタイン城,NBH_198,2020/1/18,140×140×45 (mm),80×92×80 (mm),500,NA,12,3,https://item.rakuten.co.jp/diablock/4972825216415/
姫路城,NBH_197,2020/1/18,140×140×45 (mm),80×92×80 (mm),490,NA,12,3,https://item.rakuten.co.jp/diablock/4972825216422/
キャラナノ 赤井 秀一,CN-20,2020/1/18,105×140×70 (mm),56×85×75 (mm),240,NA,12,2,https://item.rakuten.co.jp/diablock/4972825216521/
キャラナノ 江戸川 コナン,CN-19,2020/1/18,105×140×70 (mm),56×63×56 (mm),240,NA,12,3,https://item.rakuten.co.jp/diablock/4972825216514/
ミニナノ　ウルトラマン,NBMC_05,2020/1/1,105×180×13 (mm),"28×50×24 (mm)
 (参考：ウルトラマン)",77 (参考：ウルトラマン),1BOX6個,12,NA,https://item.rakuten.co.jp/diablock/4972825216842/
ミニナノ サンリオキャラクターズ,NBMC_04,2020/1/1,105×180×13 (mm),"36×38×12 (mm)
 (参考：ハローキティ)",70 (参考：ハローキティ),1BOX6個,12,NA,https://item.rakuten.co.jp/diablock/4972825216507/
ミニナノ　エヴァンゲリオン,NBMC_02,2020/1/1,105×180×13 (mm),"36×45×28 (mm)
 (参考：初号機)",79 (参考：初号機),1BOX6個,12,NA,https://item.rakuten.co.jp/diablock/4972825216446/
ロリポップキャンディ,NBC_306,2020/1/1,105×180×13 (mm),32×62×12 (mm),150,NA,12,1,https://item.rakuten.co.jp/diablock/4972825216408/
フライドポテト,NBC_305,2020/1/1,105×180×13 (mm),37×61×20 (mm),120,NA,12,2,https://item.rakuten.co.jp/diablock/4972825216392/
ワイン,NBC_304,2020/1/1,105×180×13 (mm),16×77×16 (mm),160,NA,12,2,https://item.rakuten.co.jp/diablock/4972825216385/
だるま,NBH_195,2019/11/16,140×140×45 (mm),64×60×64 (mm),400,NA,12,3,https://item.rakuten.co.jp/diablock/4972825216095/
清水寺,NBH_194,2019/11/16,140×210×45 (mm),120×74×80 (mm),620,NA,12,3,https://item.rakuten.co.jp/diablock/4972825216088/
ポケットモンスター メッソン,NBPM_061,2019/11/16,105×180×30 (mm),44×76×64 (mm),210,NA,12,2,https://item.rakuten.co.jp/diablock/4972825216125/
ポケットモンスター ヒバニー,NBPM_060,2019/11/16,105×180×30 (mm),60×97×36 (mm),180,NA,12,2,https://item.rakuten.co.jp/diablock/4972825216118/
ポケットモンスター サルノリ,NBPM_059,2019/11/16,105×180×30 (mm),60×73×60 (mm),190,NA,12,2,https://item.rakuten.co.jp/diablock/4972825216101/
キャラナノ アグレッシブ烈子,CN-14,2019/11/16,105×140×70 (mm),74×94×48 (mm),370,NA,12,3,https://item.rakuten.co.jp/diablock/4972825216149/
キャラナノ ウルトラマン ゼロ,CN-13,2019/11/16,105×140×70 (mm),44×85×55 (mm),260,NA,12,3,https://item.rakuten.co.jp/diablock/4972825216132/
ミッフィー アンド キャット,NBCC_080,2019/10/1,89×74×89 (mm),90×38×20 (mm),100,NA,12,1,https://item.rakuten.co.jp/diablock/4972825216330/
地球,NBM-028,2019/9/21,280×210×45 (mm),100×140×140 (mm),880,NA,12,3,https://item.rakuten.co.jp/diablock/4972825218716/
ビッグ・ベン,NBH_193,2019/9/1,140×140×45 (mm),80×120× 80 (mm),560,NA,12,3,https://item.rakuten.co.jp/diablock/4972825215470/
パリのセーヌ河岸,NBH_192,2019/9/1,140×140×45 (mm),80×125×80 (mm),370,NA,12,3,https://item.rakuten.co.jp/diablock/4972825215463/
パリ,NB-047,2019/9/1,420×210×70 (mm),240×80×190 (mm),1620,NA,12,3,https://item.rakuten.co.jp/diablock/4972825215487/
ポケットモンスター メガリザードンY,NBPM_058,2019/9/1,105×180×35 (mm),108×60×76 (mm),310,NA,12,3,https://item.rakuten.co.jp/diablock/4972825215500/
ポケットモンスター メガリザードンX,NBPM_057,2019/9/1,105×180×35 (mm),100×60×84 (mm),320,NA,12,3,https://item.rakuten.co.jp/diablock/4972825215494/
キャラナノ 初音ミク,CN-08,2019/9/1,105×140×70 (mm),115×81× 50 (mm),310,NA,12,3,https://item.rakuten.co.jp/diablock/4972825215524/
800系新幹線 つばめ,nGT_024,2019/7/1,140×180×20 (mm),24×32×100 (mm),180,NA,12,2,https://item.rakuten.co.jp/diablock/4972825214626/
E233系 湘南新宿ライン　,nGT_023,2019/7/1,140×180×20 (mm),24×32×80 (mm),180,NA,12,2,https://item.rakuten.co.jp/diablock/4972825214633/
アフリカゾウ,NBC_295,2019/7/1,105×180×13 (mm),55×45×84 (mm),200,NA,12,3,https://item.rakuten.co.jp/diablock/4972825214589/
ホッキョクグマ,NBC_294,2019/7/1,105×180×13 (mm),35×38×77 (mm),160,NA,12,3,https://item.rakuten.co.jp/diablock/4972825214572/
アニマルDX ホホジロザメ,NBM-027,2019/7/1,280×210×45 (mm),130×100×300 (mm),680,NA,12,4,https://item.rakuten.co.jp/diablock/4972825214602/
雷門 デラックスエディション,NB-046,2019/7/1,420×210×70 (mm),240×134×160 (mm),2740,NA,12,5,https://item.rakuten.co.jp/diablock/4972825215227/
ドラえもん ミニ,NBMC_01,2019/7/1,105×180×13 (mm),"33×42×31 (mm)
 (参考：ドラえもん)",100 (参考：ドラえもん),1BOX6個,12,NA,https://item.rakuten.co.jp/diablock/4972825215081/
チョコレート,NBC_290,2019/6/22,105×180×13 (mm),64×9×40(mm),130,NA,12,2,https://item.rakuten.co.jp/diablock/4972825214435/
東京駅丸の内駅舎,NBH_189,2019/6/22,140×210×45 (mm),200×53×80 (mm),640,NA,12,3,https://item.rakuten.co.jp/diablock/4972825215241/
龍,NBM-026,2019/6/22,280×210×45 (mm),130×200×120 (mm),700,NA,12,4,https://item.rakuten.co.jp/diablock/4972825215234/
タワーブリッジ　デラックスエディション,NB-045,2019/6/22,420×210×70 (mm),320×145×120 (mm),1700,NA,12,4,https://item.rakuten.co.jp/diablock/4972825214480/
ポケットモンスター　キテルグマ,NBPM_053,2019/6/22,105×180×30 (mm),60×79×44 (mm),190,NA,12,2,https://item.rakuten.co.jp/diablock/4972825214503/
ポケットモンスター　ミミッキュ,NBPM_052,2019/6/22,105×180×30 (mm),60×79×44 (mm),200,NA,12,3,https://item.rakuten.co.jp/diablock/4972825214497/
ポケットモンスター　モクロー,NBPM_051,2019/6/22,105×180×20 (mm),40×45×40 (mm),170,NA,12,2,https://item.rakuten.co.jp/diablock/4972825214510/
ポケットモンスター　アシマリ,NBPM_050,2019/6/22,105×180×20 (mm),48×45×56 (mm),110,NA,12,3,https://item.rakuten.co.jp/diablock/4972825214527/
ポケットモンスター　ニャビー,NBPM_049,2019/6/22,105×180×20 (mm),44×51×48 (mm),170,NA,12,2,https://item.rakuten.co.jp/diablock/4972825214534/
キャラナノ ゴジラ 2016 第4形態,CN-07,2019/6/22,105×140×70 (mm),56×96×68 (mm),300,NA,12,2,https://item.rakuten.co.jp/diablock/4972825214381/
キャラナノ エヴァンゲリオン 第4の使徒,CN-06,2019/6/22,105×140×70 (mm),78×96×40 (mm),280,NA,12,3,https://item.rakuten.co.jp/diablock/4972825214374/
キャラナノ エヴァンゲリオン 初号機,CN-05,2019/6/22,105×140×70 (mm),75×115×58 (mm),290,NA,12,3,https://item.rakuten.co.jp/diablock/4972825214367/
キャラナノ バルタン星人,CN-04,2019/6/22,105×140×70 (mm),68×90×40 (mm),270,NA,12,2,https://item.rakuten.co.jp/diablock/4972825214343/
キャラナノ ウルトラマン,CN-03,2019/6/22,105×140×70 (mm),40×87×70 (mm),200,NA,12,2,https://item.rakuten.co.jp/diablock/4972825214336/
ドラえもん,NBCC_074,2019/4/27,90×140×45 (mm),48×64×47 (mm),320,NA,12,3,https://item.rakuten.co.jp/diablock/4972825213858/
平等院鳳凰堂,NBH_186,2019/4/20,140×210×45 (mm),160×77×80 (mm),790,NA,12,3,https://item.rakuten.co.jp/diablock/4972825213889/
タイムマシン,NBCC_076,2019/4/20,90×140×45 (mm),80×81×120 (mm),220,NA,12,2,https://item.rakuten.co.jp/diablock/4972825213872/
のび太,NBCC_075,2019/4/20,90×140×45 (mm),96×44×36 (mm),220,NA,12,3,https://item.rakuten.co.jp/diablock/4972825213865/
ポケットモンスター フリーザー,NBPM_048,2019/4/20,105×180×35 (mm),80×87×72 (mm),170,NA,12,3,https://item.rakuten.co.jp/diablock/4972825213841/
ポケットモンスター ファイヤー,NBPM_047,2019/4/20,105×180×35 (mm),68×75×80 (mm),190,NA,12,3,https://item.rakuten.co.jp/diablock/4972825213834/
ポケットモンスター サンダー,NBPM_046,2019/4/20,105×180×35 (mm),108×72×78 (mm),240,NA,12,4,https://item.rakuten.co.jp/diablock/4972825213827/
キャラナノ チコちゃんに叱られる！キョエちゃん,CN-02,2019/3/15,105×140×70 (mm),62×88×70 (mm),230,NA,12,2,https://item.rakuten.co.jp/diablock/4972825214404/
キャラナノ チコちゃんに叱られる！ チコちゃん,CN-01,2019/3/15,105 × 140 × 70 (mm),58×80×40 (mm),250,NA,12,3,https://item.rakuten.co.jp/diablock/4972825214398/
大阪城,NBH_173,2019/1/1,140×140×45 (mm),85×114×80 (mm),520,NA,12,3,https://item.rakuten.co.jp/diablock/4972825213087/
ポケットモンスター ミュウ,NBPM_045,2019/1/1,105×180×13 (mm),28×57×52 (mm),90,NA,12,2,https://item.rakuten.co.jp/diablock/4972825213124/
ポケットモンスター ブラッキー,NBPM_044,2019/1/1,105×180×13 (mm),44×51×60 (mm),140,NA,12,2,https://item.rakuten.co.jp/diablock/4972825213117/
ポケットモンスター エーフィ,NBPM_043,2019/1/1,105×180×13 (mm),52×48×60 (mm),140,NA,12,2,https://item.rakuten.co.jp/diablock/4972825213100/
姫路城 スペシャルデラックスエディション,NB-042,2018/8/11,420×280×100 (mm),240×220×240 (mm),5200,NA,12,5,https://item.rakuten.co.jp/diablock/4972825210888/
E233系京浜東北線,nGT_022,2018/7/1,140×180×30 (mm),32×24×80 (mm),180,NA,12,2,https://item.rakuten.co.jp/diablock/4972825210598/
922 形新幹線電気軌道総合試験車T3編成 (ドクターイエロー),nGT_021,2018/7/1,140×180×30 (mm),32×24×92 (mm),160,NA,12,2,https://item.rakuten.co.jp/diablock/4972825210581/
東京,NB-040,2018/7/1,420×210×70 (mm),104×240×192 (mm),1280,NA,12,4,https://item.rakuten.co.jp/diablock/4972825210512/
盆栽 松 デラックスエディション,NB-039,2018/6/23,280×210×70 (mm),195×190×115 (mm),1130,NA,12,5,https://item.rakuten.co.jp/diablock/4972825210116/
ポケットモンスター コイキング,NBPM_035,2018/6/23,105×180×13 (mm),59×36×60 (mm),130,NA,12,3,https://item.rakuten.co.jp/diablock/4972825209837/
ポケットモンスター ラッキー,NBPM_034,2018/6/23,105×180×13 (mm),46×48×56 (mm),140,NA,12,2,https://item.rakuten.co.jp/diablock/4972825209820/
蒸気機関車(タンク式),nGT_020,2018/4/14,140×180×20 (mm),40×25×104 (mm),190,NA,12,3,https://item.rakuten.co.jp/diablock/4972825209257/
南海50000系 ラピート,nGT_019,2018/4/14,140×180×20 (mm),32×24×96 (mm),190,NA,12,3,https://item.rakuten.co.jp/diablock/4972825209240/
923形新幹線電気軌道総合試験車ドクターイエロー,nGT_018,2018/4/14,140×180×20 (mm),32×24×96 (mm),150,NA,12,2,https://item.rakuten.co.jp/diablock/4972825209233/
E5系新幹線はやぶさ,nGT_017,2018/4/14,140×180×20 (mm),27×24×108 (mm),140,NA,12,2,https://item.rakuten.co.jp/diablock/4972825209226/
光ファイバーLED + マーライオン,NBH_158,2018/3/17,140×210×45 (mm),100×80×80 (mm),300,NA,12,3,https://item.rakuten.co.jp/diablock/4972825208502/
コレクションケース,NB-038,2018/3/3,140×140×45 (mm),84mm×95mm×84mm,NA,NA,12,NA,https://item.rakuten.co.jp/diablock/4972825208533/
ビール,NBC_245,2018/1/20,105×180×13 (mm),53×44×36 (mm),180,NA,12,2,https://item.rakuten.co.jp/diablock/4972825208465/
ポケットモンスター ホウオウ,NBPM_033,2018/1/20,105×180×35 (mm),74×84×92 (mm),180,NA,12,4,https://item.rakuten.co.jp/diablock/4972825208526/
ポケットモンスター ルギア,NBPM_032,2018/1/20,105×180×35 (mm),68×84×92 (mm),190,NA,12,3,https://item.rakuten.co.jp/diablock/4972825208519/
ブロック収納ケース,NB-035,2017/12/2,380×310×59 (mm),310×380×59 (mm),NA,NA,12,NA,https://item.rakuten.co.jp/diablock/4972825208052/
ベーシックレールセット,nGS_004,2017/9/30,247×147×143 (mm),778×34×460 (mm),NA,NA,12,NA,https://item.rakuten.co.jp/diablock/4972825205167/
E259系 成田エクスプレス,nGT_016,2017/9/23,140×180×20 (mm),32×24×82 (mm),170,NA,12,3,https://item.rakuten.co.jp/diablock/4972825204818/
E235系 山手線,nGT_015,2017/9/23,140×180×20 (mm),32×24×82 (mm),180,NA,12,2,https://item.rakuten.co.jp/diablock/4972825204801/
E231系 山手線,nGT_014,2017/9/23,140×180 ×20 (mm),32×24×80 (mm),170,NA,12,2,https://item.rakuten.co.jp/diablock/4972825204795/
E7系新幹線,nGT_013,2017/9/23,140×180×20 (mm),32×24×96 (mm),180,NA,12,2,https://item.rakuten.co.jp/diablock/4972825204832/
E6系新幹線,nGT_012,2017/9/23,140 × 180 × 20 (mm),27×24×100 (mm),140,NA,12,2,https://item.rakuten.co.jp/diablock/4972825204825/
N700系新幹線,nGT_011,2017/9/23,140 × 180 × 20 (mm),32×24×96 (mm),170,NA,12,2,https://item.rakuten.co.jp/diablock/4972825204849/
ドラミ,NBCC_042,2017/9/23,90×140×45 (mm),44×68×52 (mm),280,NA,12,3,https://item.rakuten.co.jp/diablock/4972825207260/
しずかちゃん,NBCC_041,2017/9/23,90×140×45 (mm),68×44×52 (mm),200,NA,12,2,https://item.rakuten.co.jp/diablock/4972825207253/
ポケットモンスター ワニノコ,NBPM_031,2017/9/23,105×180×13 (mm),48×52×48 (mm),150,NA,12,2,https://item.rakuten.co.jp/diablock/4972825207239/
ポケットモンスター チコリータ,NBPM_030,2017/9/23,105×180×13 (mm),51×32×48 (mm),90,NA,12,1,https://item.rakuten.co.jp/diablock/4972825207222/
ポケットモンスター ヒノアラシ,NBPM_029,2017/9/23,105×180×13 (mm),42×40×64 (mm),150,NA,12,2,https://item.rakuten.co.jp/diablock/4972825207215/
ポケットモンスター ピチュー,NBPM_028,2017/9/23,105×180×13 (mm),48×36×44 (mm),90,NA,12,1,https://item.rakuten.co.jp/diablock/4972825207208/
ラーメン,NBC_229,2017/7/29,105×180×13 (mm),60×47×47 (mm),140,NA,12,2,https://item.rakuten.co.jp/diablock/4972825206492/
ニューヨーク,NB-033,2017/7/29,420×210×70 (mm),107×240×192 (mm),1480,NA,12,4,https://item.rakuten.co.jp/diablock/4972825206003/
タージマハル　デラックスエディション,NB-032,2017/7/29,420×210×70 (mm),128×160×160 (mm),2210,NA,12,4,https://item.rakuten.co.jp/diablock/4972825206034/
スネ夫,NBCC_040,2017/7/22,90×140×45 (mm),80×36×32 (mm),200,NA,12,2,https://item.rakuten.co.jp/diablock/4972825206218/
ジャイアン,NBCC_039,2017/7/22,90×140×45 (mm),86×64×36 (mm),220,NA,12,2,https://item.rakuten.co.jp/diablock/4972825207246/
五重塔 デラックスエディション,NB-031,2017/6/24,420×210×70 (mm),257×160×160 (mm),1350,NA,12,4,https://item.rakuten.co.jp/diablock/4972825206041/
ポケットモンスター コダック,NBPM_024,2017/6/24,105×180×13 (mm),44×58×52 (mm),130,NA,12,2,https://item.rakuten.co.jp/diablock/4972825206096/
ポケットモンスター ギャラドス,NBPM_023,2017/6/24,105×180×13 (mm),44×58×60 (mm),170,NA,12,3,https://item.rakuten.co.jp/diablock/4972825206102/
のび太,NBCC_037,2017/4/29,90×140×45 (mm),44×98×32 (mm),190,NA,12,2,https://item.rakuten.co.jp/diablock/4972825206195/
ドラえもん,NBCC_036,2017/4/29,90×140×45 (mm),48×68×48 (mm),270,NA,12,3,https://item.rakuten.co.jp/diablock/4972825206188/
バースデーケーキ,NBC_219,2017/4/8,105×180×13 (mm),48×44×48 (mm),170,NA,12,2,https://item.rakuten.co.jp/diablock/4972825205051/
ハンバーガー,NBC_217,2017/4/8,105×180×13 (mm),48×38×40 (mm),120,NA,12,2,https://item.rakuten.co.jp/diablock/4972825205037/
ディスプレーアーム,NB-027,2016/10/7,140×140×45 (mm),40×130×70 (mm),NA,NA,12,NA,https://item.rakuten.co.jp/diablock/4972825202845/
盆栽 梅,NBH_134,2016/10/7,140×140×45 (mm),80×128×40 (mm),170,NA,12,2,https://item.rakuten.co.jp/diablock/4972825202968/
帆船,NB-030,2016/10/7,420×210×70 (mm),230×130×320 (mm),2500,NA,12,5,https://item.rakuten.co.jp/diablock/4972825202999/
ポケットモンスター ブースター,NBPM_022,2016/10/7,105×180×13 (mm),52×51×68 (mm),170,NA,12,2,https://item.rakuten.co.jp/diablock/4972825204351/
ポケットモンスター サンダース,NBPM_021,2016/10/7,105×180×13 (mm),44×45×64 (mm),170,NA,12,3,https://item.rakuten.co.jp/diablock/4972825204344/
ポケットモンスター シャワーズ,NBPM_020,2016/10/7,105×180×13 (mm),44×51×72 (mm),140,NA,12,2,https://item.rakuten.co.jp/diablock/4972825204337/
スペースシャトル発射台,NBH_131,2016/8/5,140×210×45 (mm),122×170×44 (mm),510,NA,12,3,https://item.rakuten.co.jp/diablock/4972825202821/
サグラダファミリア デラックス エディション,NB-028,2016/8/5,420×210×70 (mm),191×160×160 (mm),2660,NA,12,5,https://item.rakuten.co.jp/diablock/4972825203965/
宇宙飛行士,NBC_198,2016/8/1,105×180×13 (mm),68×40×39 (mm),118,NA,12,3,https://item.rakuten.co.jp/diablock/4972825202760/
レッサーパンダ,NBC_194,2016/8/1,105×180×13 (mm),50×27×88 (mm),128,NA,12,2,https://item.rakuten.co.jp/diablock/4972825202722/
LEDプレートUSB,NB-026,2016/6/24,140×140×45 (mm),80×21×80 (mm),NA,NA,12,NA,https://item.rakuten.co.jp/diablock/4972825202685/
ポケットモンスター カメックス,NBPM_019,2016/6/24,105×180×13 (mm),55×56×64 (mm),220,NA,12,3,https://item.rakuten.co.jp/diablock/4972825203835/
ポケットモンスター フシギバナ,NBPM_018,2016/6/24,105×180×13 (mm),36×56×60 (mm),160,NA,12,2,https://item.rakuten.co.jp/diablock/4972825203828/
雷門,NBH_115,2016/4/22,140×140×45 (mm),67×80×80 (mm),390,NA,12,3,https://item.rakuten.co.jp/diablock/4972825202487/
エヴァンゲリオン初号機,NBH_118,2016/4/8,140×210×45 (mm),150×70×55 (mm),374,NA,12,3,https://item.rakuten.co.jp/diablock/4972825203866/
稲荷神社,NBH_108,2016/1/29,140×210×45 (mm),73×80×160 (mm),530,NA,12,3,https://item.rakuten.co.jp/diablock/4972825202036/
セキセイインコグリーンオパーリン,NBC_167,2015/11/28,105×180×13 (mm),47×72×24 (mm),80,NA,12,1,https://item.rakuten.co.jp/diablock/4972825201619/
ポケットモンスター カモネギ,NBPM_013,2015/11/28,105×180×13 (mm),60×40×56 (mm),160,NA,12,3,https://item.rakuten.co.jp/diablock/4972825149232/
東京スカイツリー,NBH_091,2015/8/8,140×210×45 (mm),273×80×80 (mm),550,NA,12,5,https://item.rakuten.co.jp/diablock/4972825149737/
東京タワー,NBH_090,2015/8/8,140×140×45 (mm),141×80×80,280,NA,12,3,https://item.rakuten.co.jp/diablock/4972825149720/
海賊船,NBM-011,2015/6/26,280×210×45 (mm),168×206×56 (mm),780,NA,12,5,https://item.rakuten.co.jp/diablock/4972825149836/
ポケットモンスター カビゴン,NBPM_012,2015/4/10,105×180×13 (mm),64×64×44 (mm),220,NA,12,3,https://item.rakuten.co.jp/diablock/4972825149546/
ポケットモンスター カイリュー,NBPM_011,2015/4/10,105×180×13 (mm),60×60×64 (mm),190,NA,12,3,https://item.rakuten.co.jp/diablock/4972825149539/
ポケットモンスター キャタピー&モンスターボール,NBPM_010,2015/4/10,105×180×13 (mm),"45×28×52 (mm)
 (参考：キャタピー）",170,NA,12,2,https://item.rakuten.co.jp/diablock/4972825149560/
ポケットモンスター ラプラス,NBPM_009,2015/4/10,105×180×13 (mm),48×52×56 (mm),130,NA,12,2,https://item.rakuten.co.jp/diablock/4972825149553/
タイタニック,NB-021,2014/8/1,420×210×70 (mm),105×560×80 (mm),1800,NA,12,5,https://item.rakuten.co.jp/diablock/4972825146972/
ポケットモンスター リザードン,NBPM_008,2014/6/28,105×180×13 (mm),56×76×76 (mm),200,NA,12,3,https://item.rakuten.co.jp/diablock/4972825146248/
ポケットモンスター ゲンガー,NBPM_007,2014/6/28,105×180×13 (mm),52×52×48 (mm),150,NA,12,2,https://item.rakuten.co.jp/diablock/4972825146804/
ポケットモンスター ミュウツー,NBPM_006,2014/6/28,105×180×13 (mm),61×52×52 (mm),130,NA,12,3,https://item.rakuten.co.jp/diablock/4972825146811/
ポケットモンスター イーブイ,NBPM_005,2014/6/28,105×180×13 (mm),55×44×64 (mm),130,NA,12,2,https://item.rakuten.co.jp/diablock/4972825146231/
ナノブロックパッド,NB-020,2014/3/28,105×180×17 (mm),"142×10×190 (mm)
 (開いた状態)
 142×10 90 (mm)
 (閉じた状態)",NA,NA,12,NA,https://item.rakuten.co.jp/diablock/4972825146828/
ポケットモンスター ゼニガメ,NBPM_004,2013/10/25,105×180×13 (mm),45×35×47 (mm),120,NA,12,2,https://item.rakuten.co.jp/diablock/4972825146224/
ポケットモンスター フシギダネ,NBPM_003,2013/10/25,105×180×13 (mm),33×35×45 (mm),120,NA,12,2,https://item.rakuten.co.jp/diablock/4972825146217/
ポケットモンスター ヒトカゲ,NBPM_002,2013/10/25,105×180×13 (mm),43×27×65 (mm),120,NA,12,2,https://item.rakuten.co.jp/diablock/4972825146200/
ポケットモンスター ピカチュウ,NBPM_001,2013/10/25,105×180×13 (mm),47×40×55 (mm),130,NA,12,2,https://item.rakuten.co.jp/diablock/4972825146194/
ナノブロック®専用ピンセット,NB-019,2013/8/30,50×180×12 (mm),14×120×9 (mm),NA,NA,12,NA,https://item.rakuten.co.jp/diablock/4972825145470/
ノイシュバンシュタイン城 デラックスエディション,NB-009,2010/12/14,420×280×100 (mm),220×120×400 (mm),5800,NA,12,5,https://item.rakuten.co.jp/diablock/4972825140109/
日本海軍 戦艦 大和,NB-004,2008/10/31,420×210×70 (mm),475×90×70 (mm),1700,NA,12,5,https://item.rakuten.co.jp/diablock/4972825134467/
